Scenario;Avg. Infected;Avg. Contaminated;
1;7.748864668483197;0.0;
2;7.65258855585831;0.0027247956403269754;
3;7.494096276112625;0.5844686648501363;
4;7.618982742960944;0.0018165304268846503;
5;7.663941871026339;0.0027247956403269754;
6;7.762942779291553;0.0;
7;7.6939146230699365;0.0;
8;7.5340599455040875;0.005449591280653951;
9;7.587647593097184;0.9314259763851045;
10;7.394187102633969;0.0018165304268846503;
11;7.573569482288828;0.0;
12;7.638510445049954;0.12216167120799273;
13;7.544504995458674;0.0;
14;7.678019981834696;0.0027247956403269754;
15;7.630790190735695;0.46911898274296093;
16;7.5063578564940965;0.0018165304268846503;
17;7.756130790190736;0.0027247956403269754;
18;7.686648501362398;0.0;
19;7.494096276112625;0.0;
20;7.487284287011807;0.0;
21;7.598092643051771;0.0;
22;7.500454132606722;0.0018165304268846503;
23;7.632152588555858;0.0027247956403269754;
24;7.580381471389646;0.0;
25;7.7148047229791095;0.0036330608537693005;
26;7.712988192552225;0.0;
27;7.7470481380563125;0.0;
28;7.502270663033606;0.0;
29;7.513169845594914;0.0;
30;7.702089009990917;0.17892824704813806;
31;7.554041780199818;0.0;
32;7.397820163487738;0.0027247956403269754;
33;7.662125340599455;0.5835603996366939;
34;7.5990009082652135;0.0;
35;7.630790190735695;0.0;
36;7.492733878292461;0.5844686648501363;
37;7.58219800181653;0.0;
38;7.537238873751136;0.0;
39;7.557674841053587;0.0;
40;7.626248864668483;0.0;
41;7.448683015440508;0.0;
42;7.754768392370572;0.0;
43;7.383287920072661;0.0018165304268846503;
44;7.653496821071753;0.0;
45;7.58991825613079;0.0;
46;7.510445049954587;0.0;
47;7.554041780199818;0.0;
48;7.470935513169845;0.0;
49;7.693006357856494;0.0;
50;7.7811080835604;0.0;
51;7.615803814713897;0.0;
52;7.505903723887375;0.0018165304268846503;
53;7.784287011807447;0.0;
54;7.7216167120799275;0.0;
55;7.420072661217075;0.0;
56;7.606267029972752;0.0;
57;7.5317892824704815;0.23751135331516804;
58;7.5572207084468666;0.0;
59;7.8651226158038146;0.0027247956403269754;
60;7.4913714804722975;0.0;
61;7.836058128973661;0.0;
62;7.774750227066304;0.0;
63;7.778837420526794;0.0;
64;7.479564032697548;0.0;
65;7.547229791099001;0.0;
66;7.625340599455041;0.0;
67;7.497275204359673;0.0;
68;7.598092643051771;0.0027247956403269754;
69;7.662125340599455;0.0;
70;7.594913714804723;0.0018165304268846503;
71;7.695731153496821;0.0027247956403269754;
72;7.618528610354224;0.9314259763851045;
73;7.621707538601272;0.0;
74;7.644868301544051;0.0;
75;7.178019981834696;0.0;
76;7.661217075386013;0.0018165304268846503;
77;7.685286103542234;0.0027247956403269754;
78;7.5967302452316074;0.0;
79;7.592643051771117;0.0;
80;7.698910081743869;0.0027247956403269754;
81;7.5422343324250685;1.5154405086285194;
82;7.644414168937329;0.0036330608537693005;
83;7.635785649409628;0.0;
84;7.695731153496821;0.5844686648501363;
85;7.789282470481381;0.0018165304268846503;
86;7.674841053587648;0.0;
87;7.713896457765667;0.0;
88;7.603996366939146;0.0036330608537693005;
89;7.67211625794732;0.0027247956403269754;
90;7.842415985467756;0.46911898274296093;
91;7.8188010899182565;0.0018165304268846503;
92;7.51544050862852;0.0027247956403269754;
93;7.6730245231607626;0.0;
94;7.740690281562216;0.0;
95;7.731153496821071;0.0;
96;7.558128973660309;0.0;
97;7.738873751135332;0.0;
98;7.6557674841053585;0.0;
99;7.8374205267938235;1.1103542234332424;
100;7.666212534059945;0.0018165304268846503;
101;7.661217075386013;0.0;
102;7.4137148047229795;0.0;
103;7.6221616712079925;0.0018165304268846503;
104;7.5549500454132605;0.0;
105;7.253405994550409;0.0;
106;7.645776566757493;0.0018165304268846503;
107;7.827429609445958;0.0027247956403269754;
108;7.633060853769301;0.9314259763851045;
109;7.516802906448683;0.0;
110;7.843324250681199;0.0;
111;7.529064486830155;0.0;
112;7.7447774750227065;0.0;
113;7.961398728428701;0.0;
114;7.590372388737511;0.9314259763851045;
115;7.668483197093551;0.0036330608537693005;
116;7.521798365122616;0.005449591280653951;
117;7.493188010899183;1.1108083560399638;
118;7.4913714804722975;0.0;
119;7.580381471389646;0.0;
120;7.4600363306085375;0.0;
121;7.8097184377838325;0.0;
122;7.685286103542234;0.0;
123;7.654859218891916;0.23705722070844687;
124;7.720254314259764;0.0018165304268846503;
125;7.681653042688465;0.0027247956403269754;
126;7.64078110808356;0.8737511353315168;
127;7.650772025431426;0.0018165304268846503;
128;7.685286103542234;0.0;
129;7.422797456857403;0.0;
130;7.595821980018165;0.0;
131;7.585376930063578;0.0;
132;7.634423251589464;0.0;
133;7.911898274296094;0.0036330608537693005;
134;7.724341507720254;0.0027247956403269754;
135;7.663487738419619;0.5267938237965486;
136;7.5;0.0;
137;7.710717529518619;0.0;
138;7.642597638510445;0.0;
139;7.980018165304269;0.0018165304268846503;
140;7.665758401453225;0.0027247956403269754;
141;7.77338782924614;0.0;
142;7.7529518619436875;0.0;
143;7.570844686648502;0.0027247956403269754;
144;7.700272479564033;0.0;
145;7.762488646684832;0.0018165304268846503;
146;7.618982742960944;0.0;
147;7.617620345140781;0.5267938237965486;
148;7.7193460490463215;0.0036330608537693005;
149;7.443687556766576;0.0027247956403269754;
150;7.746594005449591;0.0;
151;7.664850136239782;0.005449591280653951;
152;7.514078110808356;0.0027247956403269754;
153;7.717983651226158;0.0;
154;7.587647593097184;0.0;
155;7.67211625794732;0.0;
156;7.819255222524977;0.0;
157;7.926430517711172;0.0;
158;7.4727520435967305;0.0;
159;7.579019073569483;0.0;
160;7.7320617620345145;0.0;
161;7.8015440508628515;0.005449591280653951;
162;7.929155313351498;0.0;
163;7.826521344232516;0.0;
164;7.598546775658492;0.0;
165;7.368755676657584;0.8737511353315168;
166;7.5990009082652135;0.0036330608537693005;
167;7.597184377838329;0.0;
168;7.838328792007266;0.0;
169;7.706176203451408;0.005449591280653951;
170;7.819709355131699;0.005449591280653951;
171;7.476839237057221;0.23751135331516804;
172;7.7089009990917345;0.0018165304268846503;
173;7.5885558583106265;0.0;
174;7.456403269754769;0.23751135331516804;
175;7.6939146230699365;0.0018165304268846503;
176;7.779745685740236;0.0;
177;7.734786557674841;0.0;
178;7.6139872842870115;0.005449591280653951;
179;7.807901907356948;0.0;
180;7.731153496821071;0.0;
181;7.461852861035422;0.0;
182;7.7888283378746594;0.0;
183;7.569482288828338;0.0;
184;7.774296094459582;0.0;
185;7.83197093551317;0.0027247956403269754;
186;7.825158946412352;0.0;
187;7.740236148955495;0.0018165304268846503;
188;7.787465940054496;0.0;
189;7.638964577656676;0.0;
190;7.697093551316985;0.0;
191;7.768392370572207;0.0;
192;7.923705722070845;0.23751135331516804;
193;7.705722070844686;0.0;
194;7.600817438692098;0.0;
195;7.70299727520436;0.0;
196;7.697547683923705;0.0018165304268846503;
197;7.6730245231607626;0.0027247956403269754;
198;7.7910990009082655;0.8737511353315168;
199;7.397366030881018;0.0;
200;7.4704813805631245;0.0;
201;7.8396911898274295;0.0;
202;7.710717529518619;0.0;
203;7.707538601271572;0.0;
204;7.38283378746594;0.0;
205;7.62125340599455;0.0018165304268846503;
206;7.733424159854677;0.005449591280653951;
207;7.824704813805631;0.5844686648501363;
208;7.712534059945504;0.0;
209;7.546321525885559;0.0;
210;7.815168029064487;0.23751135331516804;
211;7.7216167120799275;0.0018165304268846503;
212;7.6857402361489555;0.0;
213;7.82425068119891;0.8215258855585831;
214;7.6012715712988195;0.0;
215;7.581289736603088;0.0;
216;7.666666666666667;0.9305177111716622;
217;7.483197093551317;0.0;
218;7.713896457765667;0.0;
219;7.532697547683924;0.0;
220;7.746594005449591;0.005449591280653951;
221;7.975930971843779;0.0027247956403269754;
222;7.584014532243415;0.5258855585831063;
223;7.701180744777475;0.0018165304268846503;
224;7.480018165304269;0.0;
225;7.635785649409628;1.16802906448683;
226;7.476839237057221;0.0;
227;7.573569482288828;0.0;
228;7.741598546775658;0.0;
229;7.536330608537693;0.0;
230;7.724795640326976;0.0;
231;7.711625794732062;0.17983651226158037;
232;7.573569482288828;0.0;
233;7.498637602179836;0.0;
234;7.496366939146231;0.0;
235;7.6984559491371485;0.005449591280653951;
236;7.866030881017257;0.0;
237;7.699364214350591;0.0;
238;7.817438692098093;0.0018165304268846503;
239;7.495004541326067;0.0;
240;7.786557674841053;0.0;
241;7.741598546775658;0.0;
242;7.710263396911898;0.010899182561307902;
243;7.698001816530427;0.0;
244;7.495458673932788;0.0;
245;7.57811080835604;0.0;
246;7.603996366939146;0.0;
247;7.623978201634878;0.0018165304268846503;
248;7.555858310626703;0.0027247956403269754;
249;7.640326975476839;0.8160762942779292;
250;7.590372388737511;0.0;
251;7.490009082652135;0.0027247956403269754;
252;7.5063578564940965;0.23751135331516804;
253;7.671207992733878;0.0018165304268846503;
254;7.682561307901907;0.0;
255;7.529972752043597;0.0;
256;7.646230699364215;0.0036330608537693005;
257;7.7188919164396;0.0;
258;7.834695731153497;0.0;
259;7.650772025431426;0.0;
260;7.736148955495005;0.0027247956403269754;
261;7.74205267938238;0.0;
262;7.595821980018165;0.0018165304268846503;
263;7.7188919164396;0.0027247956403269754;
264;7.733878292461399;0.0;
265;7.671207992733878;0.0018165304268846503;
266;7.772025431425976;0.0;
267;7.669391462306994;0.5267938237965486;
268;7.637602179836512;0.0;
269;7.762942779291553;0.0027247956403269754;
270;7.800635785649409;0.23705722070844687;
271;7.4704813805631245;0.0;
272;7.702089009990917;0.0;
273;7.723433242506812;0.0;
274;7.5990009082652135;0.0;
275;7.667574931880109;0.0027247956403269754;
276;7.846503178928247;0.0;
277;7.562670299727521;0.0036330608537693005;
278;7.8442325158946415;0.0;
279;7.762488646684832;1.8619436875567665;
280;7.590372388737511;0.0018165304268846503;
281;7.591734786557675;0.0027247956403269754;
282;7.680290644868301;0.0;
283;7.5295186194368755;0.0;
284;7.940054495912807;0.0027247956403269754;
285;7.644868301544051;0.0;
286;7.663487738419619;0.0;
287;7.5653950953678475;0.0027247956403269754;
288;7.676657584014532;0.23751135331516804;
289;7.665758401453225;0.0;
290;7.466394187102634;0.0027247956403269754;
291;7.8524069028156225;0.0;
292;7.696639418710263;0.0;
293;7.537238873751136;0.0;
294;7.842415985467756;0.0;
295;7.759309718437784;0.0018165304268846503;
296;7.774296094459582;0.0027247956403269754;
297;7.730699364214351;0.23751135331516804;
298;7.29291553133515;0.0;
299;7.649409627611263;0.0;
300;7.650317892824705;0.0;
301;7.675295186194369;0.0018165304268846503;
302;7.507266121707539;0.0;
303;7.664850136239782;0.9314259763851045;
304;7.509536784741145;0.0;
305;7.914623069936422;0.0;
306;7.728428701180745;0.5267938237965486;
307;7.794732061762034;0.0;
308;7.661671207992734;0.0027247956403269754;
309;7.666212534059945;0.0;
310;7.6498637602179835;0.0036330608537693005;
311;7.647138964577657;0.0027247956403269754;
312;7.855585831062671;0.23751135331516804;
313;7.553587647593097;0.0;
314;7.6557674841053585;0.0027247956403269754;
315;7.745231607629428;0.0;
316;7.696639418710263;0.0;
317;7.726158038147139;0.0;
318;7.702543142597639;0.0;
319;7.575386012715713;0.0018165304268846503;
320;7.615349682107175;0.0;
321;7.5317892824704815;0.0;
322;7.613533151680291;0.0036330608537693005;
323;7.76566757493188;0.0027247956403269754;
324;7.783378746594005;0.9314259763851045;
325;7.439600363306085;0.0;
326;7.387375113533151;0.0;
327;7.450499545867394;0.5844686648501363;
328;7.698001816530427;0.0;
329;7.592643051771117;0.0027247956403269754;
330;7.6221616712079925;0.5267938237965486;
331;7.825158946412352;0.0018165304268846503;
332;7.479109900090826;0.005449591280653951;
333;7.465485921889192;0.9305177111716622;
334;7.679382379654859;0.0;
335;7.654405086285196;0.0;
336;7.46094459582198;0.8737511353315168;
337;7.559945504087193;0.0;
338;7.665304268846503;0.0;
339;7.450045413260672;0.0;
340;7.629881925522253;0.0;
341;7.6716621253406;0.005449591280653951;
342;7.667574931880109;0.5267938237965486;
343;7.65258855585831;0.0;
344;7.617620345140781;0.0;
345;7.622615803814714;0.0;
346;7.667574931880109;0.0;
347;7.858310626702997;0.0027247956403269754;
348;7.657129881925522;0.0;
349;7.716621253405995;0.0036330608537693005;
350;7.748410535876476;0.0027247956403269754;
351;7.7552225249772935;0.23751135331516804;
352;7.6603088101725705;0.0;
353;7.6244323342415985;0.0;
354;7.485013623978202;0.0;
355;7.69118982742961;0.0;
356;7.509082652134423;0.0;
357;7.323342415985468;0.29473206176203454;
358;7.6012715712988195;0.0018165304268846503;
359;7.706630336058129;0.0027247956403269754;
360;7.579019073569483;0.0;
361;7.473660308810173;0.0;
362;7.556766575840145;0.0027247956403269754;
363;7.377384196185286;0.2956403269754768;
364;7.533605812897366;0.0;
365;7.784741144414169;0.005449591280653951;
366;7.5908265213442325;0.0;
367;7.400544959128065;0.005449591280653951;
368;7.693460490463215;0.0;
369;7.8097184377838325;0.0;
370;7.5858310626703;0.0018165304268846503;
371;7.746594005449591;0.0027247956403269754;
372;7.4346049046321525;0.0;
373;7.548592188919164;0.0018165304268846503;
374;7.418710263396912;0.0027247956403269754;
375;7.43369663941871;0.5835603996366939;
376;7.787920072661217;0.0036330608537693005;
377;7.408265213442325;0.005449591280653951;
378;7.7320617620345145;0.0;
379;7.2447774750227065;0.0;
380;7.600817438692098;0.0027247956403269754;
381;7.82788374205268;0.0;
382;7.767029972752043;0.0;
383;7.769300635785649;0.0;
384;7.772025431425976;0.0;
385;7.6580381471389645;0.0018165304268846503;
386;7.446412352406903;0.005449591280653951;
387;7.4427792915531334;0.642597638510445;
388;7.670299727520436;0.0018165304268846503;
389;7.483197093551317;0.0;
390;7.51952770208901;0.17983651226158037;
391;7.648047229791099;0.0018165304268846503;
392;7.642597638510445;0.0;
393;7.800181653042689;0.0;
394;7.6716621253406;0.0;
395;7.8396911898274295;0.0;
396;7.763396911898274;0.0;
397;7.435967302452316;0.0018165304268846503;
398;7.428701180744778;0.0027247956403269754;
399;7.631698455949137;0.0;
400;7.726158038147139;0.0;
401;7.561762034514078;0.0;
402;7.673478655767484;0.0;
403;7.8188010899182565;0.0;
404;7.628519527702089;0.005449591280653951;
405;7.537238873751136;0.0;
406;7.88283378746594;0.0;
407;7.590372388737511;0.0;
408;7.7851952770208905;0.0;
409;7.708446866485014;0.0018165304268846503;
410;7.655313351498638;0.0027247956403269754;
411;7.659400544959128;0.0;
412;7.653496821071753;0.0018165304268846503;
413;7.721162579473206;0.0027247956403269754;
414;7.51544050862852;0.0;
415;7.8119891008174385;0.0;
416;7.575386012715713;0.0;
417;7.663941871026339;0.17892824704813806;
418;7.598092643051771;0.0;
419;7.6961852861035425;0.0;
420;7.6811989100817435;0.0;
421;7.8442325158946415;0.0018165304268846503;
422;7.883287920072661;0.008174386920980926;
423;7.6012715712988195;0.9314259763851045;
424;7.613079019073569;0.0;
425;7.648047229791099;0.0027247956403269754;
426;7.470935513169845;0.0;
427;7.719800181653043;0.0018165304268846503;
428;7.655313351498638;0.0;
429;7.681653042688465;0.0;
430;7.42960944595822;0.0;
431;7.778837420526794;0.005449591280653951;
432;7.583560399636694;0.0;
433;7.567211625794732;0.0;
434;7.673478655767484;0.0;
435;7.490917347865577;0.5844686648501363;
436;7.742960944595822;0.0;
437;7.630336058128973;0.0;
438;7.741598546775658;0.8737511353315168;
439;7.5862851952770205;0.0;
440;7.623069936421435;0.005449591280653951;
441;7.479564032697548;0.0;
442;7.67211625794732;0.0018165304268846503;
443;7.716621253405995;0.0;
444;7.426884650317893;0.23705722070844687;
445;7.592188919164396;0.0018165304268846503;
446;7.717529518619437;0.0;
447;7.909627611262489;0.0;
448;7.742960944595822;0.0;
449;7.579019073569483;0.010899182561307902;
450;7.7761126248864665;0.5267938237965486;
451;7.6811989100817435;0.0;
452;7.7193460490463215;0.005449591280653951;
453;7.772025431425976;0.0;
454;7.672570390554042;0.0;
455;7.743869209809264;0.0;
456;7.7188919164396;0.0;
457;7.681653042688465;0.0018165304268846503;
458;7.816076294277929;0.0;
459;7.698910081743869;0.0;
460;7.7238873751135335;0.0;
461;7.7188919164396;0.0;
462;7.726158038147139;0.0;
463;7.6716621253406;0.0;
464;7.540417801998183;0.0;
465;7.5858310626703;0.0;
466;7.6094459582198;0.0;
467;7.687102633969119;0.0027247956403269754;
468;7.764305177111717;0.0;
469;7.840599455040872;0.0;
470;7.741144414168938;0.0;
471;7.499091734786558;0.0;
472;7.743869209809264;0.0018165304268846503;
473;7.775204359673024;0.0;
474;7.59763851044505;0.17892824704813806;
475;7.745231607629428;0.0018165304268846503;
476;7.604904632152588;0.0027247956403269754;
477;7.7089009990917345;1.399636693914623;
478;7.903723887375113;0.0018165304268846503;
479;7.725249772933696;0.0;
480;7.581743869209809;0.0;
481;7.728428701180745;0.005449591280653951;
482;7.686648501362398;0.0027247956403269754;
483;7.670753860127157;0.0;
484;7.64850136239782;0.0;
485;7.653950953678474;0.005449591280653951;
486;7.804268846503179;0.17983651226158037;
487;7.807447774750227;0.0;
488;7.329700272479564;0.0;
489;7.553133514986376;0.0;
490;7.699364214350591;0.0;
491;7.5990009082652135;0.0027247956403269754;
492;7.5018165304268845;0.0;
493;7.774750227066304;0.0018165304268846503;
494;7.633514986376022;0.0027247956403269754;
495;7.7238873751135335;0.5844686648501363;
496;7.663941871026339;0.0;
497;7.552225249772934;0.0;
498;7.681653042688465;0.0;
499;7.729791099000908;0.0;
500;7.840599455040872;0.0027247956403269754;
501;7.731607629427793;0.0;
502;7.6348773841961854;0.0018165304268846503;
503;7.597184377838329;0.0;
504;7.622615803814714;0.0;
505;7.4981834695731155;0.0018165304268846503;
506;7.792461398728428;0.0;
507;7.639872842870118;0.0;
508;7.846503178928247;0.0018165304268846503;
509;7.852861035422343;0.0;
510;7.653950953678474;0.0;
511;7.667574931880109;0.0018165304268846503;
512;7.75794732061762;0.0;
513;7.7783832879200725;0.0;
514;7.586739327883742;0.0036330608537693005;
515;7.408719346049046;0.0;
516;7.792461398728428;0.0;
517;7.792461398728428;0.0;
518;7.689373297002724;0.0;
519;7.60172570390554;0.0;
520;7.614441416893733;0.0;
521;7.602179836512262;0.005449591280653951;
522;7.393278837420527;0.0;
523;7.67574931880109;0.0;
524;7.701180744777475;0.0027247956403269754;
525;7.627611262488647;0.0;
526;7.5340599455040875;0.0;
527;7.578564940962761;0.0027247956403269754;
528;7.686194368755677;0.23751135331516804;
529;7.633514986376022;0.0018165304268846503;
530;7.707538601271572;0.0;
531;7.737057220708447;0.0;
532;7.606721162579473;0.0;
533;7.5967302452316074;0.0;
534;7.553587647593097;0.0;
535;7.635785649409628;0.0;
536;7.6603088101725705;0.0;
537;7.700272479564033;0.0;
538;7.79291553133515;0.0018165304268846503;
539;7.494550408719346;0.005449591280653951;
540;7.4913714804722975;0.23705722070844687;
541;7.555858310626703;0.0;
542;7.637602179836512;0.0027247956403269754;
543;7.523614895549501;0.0;
544;7.600817438692098;0.0018165304268846503;
545;7.713896457765667;0.0;
546;7.440962761126249;0.0;
547;7.6580381471389645;0.0018165304268846503;
548;7.795640326975477;0.0027247956403269754;
549;7.643505903723887;0.9305177111716622;
550;7.4959128065395095;0.0018165304268846503;
551;7.5040871934604905;0.0;
552;7.77338782924614;0.23751135331516804;
553;7.671207992733878;0.0;
554;7.900544959128065;0.0027247956403269754;
555;7.569482288828338;0.0;
556;7.41780199818347;0.0;
557;7.594005449591281;0.008174386920980926;
558;7.619436875567666;0.7638510445049954;
559;7.623524069028156;0.0;
560;7.748410535876476;0.0;
561;7.8015440508628515;0.0;
562;7.790190735694823;0.0018165304268846503;
563;7.628519527702089;0.0027247956403269754;
564;7.8860127157129885;1.8042688465031789;
565;7.662125340599455;0.0018165304268846503;
566;7.584014532243415;0.005449591280653951;
567;7.683923705722071;0.5844686648501363;
568;7.686194368755677;0.0;
569;7.662125340599455;0.0;
570;7.684831970935513;0.0;
571;7.640326975476839;0.0036330608537693005;
572;7.712534059945504;0.0;
573;7.7506811989100814;0.0;
574;7.711625794732062;0.0;
575;7.833333333333333;0.005449591280653951;
576;7.802452316076295;0.0;
577;7.673478655767484;0.0;
578;7.662125340599455;0.0;
579;7.633514986376022;0.0;
580;7.581289736603088;0.0;
581;7.942325158946413;0.0;
582;7.612624886466849;0.0;
583;7.570844686648502;0.0036330608537693005;
584;7.6625794732061765;0.0;
585;7.716167120799273;0.2956403269754768;
586;7.717983651226158;0.0;
587;7.511353315168029;0.0;
588;7.732515894641235;0.0;
589;7.731153496821071;0.0;
590;7.673932788374206;0.0027247956403269754;
591;7.7829246139872845;0.5267938237965486;
592;7.737057220708447;0.005449591280653951;
593;7.686648501362398;0.0027247956403269754;
594;7.674841053587648;0.0;
595;7.832879200726612;0.0018165304268846503;
596;7.689827429609446;0.0;
597;7.7111716621253406;0.0;
598;7.771117166212534;0.0;
599;7.6371480472297915;0.0027247956403269754;
600;7.858310626702997;0.0;
601;7.707538601271572;0.009082652134423252;
602;7.64078110808356;0.0;
603;7.593551316984559;0.2956403269754768;
604;7.569936421435059;0.0;
605;7.620345140781108;0.0;
606;7.7888283378746594;0.0;
607;7.549500454132606;0.0018165304268846503;
608;7.535876475930972;0.0;
609;7.826067211625794;0.0;
610;7.787465940054496;0.0018165304268846503;
611;7.659400544959128;0.008174386920980926;
612;7.62488646684832;0.06403269754768393;
613;7.731607629427793;0.0;
614;7.698001816530427;0.0;
615;7.551771117166212;0.8737511353315168;
616;7.674841053587648;0.0;
617;7.815622161671208;0.0;
618;7.7679382379654855;0.0;
619;7.559037238873751;0.0036330608537693005;
620;7.426430517711172;0.005449591280653951;
621;7.838782924613987;0.8737511353315168;
622;7.654859218891916;0.0;
623;7.490009082652135;0.0;
624;7.5990009082652135;0.0;
625;7.787011807447775;0.0;
626;7.7851952770208905;0.0;
627;7.407356948228883;0.0;
628;7.712079927338783;0.0036330608537693005;
629;7.5953678474114446;0.0027247956403269754;
630;7.6012715712988195;0.46911898274296093;
631;7.669845594913715;0.0;
632;7.682107175295187;0.0;
633;7.638964577656676;0.0;
634;7.616257947320618;0.0;
635;7.751135331516803;0.0;
636;7.65258855585831;0.0;
637;7.774750227066304;0.0;
638;7.630336058128973;0.005449591280653951;
639;7.833333333333333;0.0;
640;7.867393278837421;0.0036330608537693005;
641;7.473660308810173;0.0;
642;7.574477747502271;0.0;
643;7.73841961852861;0.0;
644;7.786103542234333;0.0;
645;7.584922797456858;0.0;
646;7.712079927338783;0.0;
647;7.717983651226158;0.0;
648;7.396003633060854;0.17983651226158037;
