1;NO_MASK;5;1;4;0.0;3
2;NO_MASK;5;1;6;0.0;3
3;NO_MASK;5;1;10000000;0.0;3
4;NO_MASK;5;1;4;0.0;5
5;NO_MASK;5;1;6;0.0;5
6;NO_MASK;5;1;10000000;0.0;5
7;NO_MASK;5;1;4;0.0;10
8;NO_MASK;5;1;6;0.0;10
9;NO_MASK;5;1;10000000;0.0;10
10;NO_MASK;5;1;4;0.5;3
11;NO_MASK;5;1;6;0.5;3
12;NO_MASK;5;1;10000000;0.5;3
13;NO_MASK;5;1;4;0.5;5
14;NO_MASK;5;1;6;0.5;5
15;NO_MASK;5;1;10000000;0.5;5
16;NO_MASK;5;1;4;0.5;10
17;NO_MASK;5;1;6;0.5;10
18;NO_MASK;5;1;10000000;0.5;10
19;NO_MASK;5;1;4;1.0;3
20;NO_MASK;5;1;6;1.0;3
21;NO_MASK;5;1;10000000;1.0;3
22;NO_MASK;5;1;4;1.0;5
23;NO_MASK;5;1;6;1.0;5
24;NO_MASK;5;1;10000000;1.0;5
25;NO_MASK;5;1;4;1.0;10
26;NO_MASK;5;1;6;1.0;10
27;NO_MASK;5;1;10000000;1.0;10
28;NO_MASK;5;4;4;0.0;3
29;NO_MASK;5;4;6;0.0;3
30;NO_MASK;5;4;10000000;0.0;3
31;NO_MASK;5;4;4;0.0;5
32;NO_MASK;5;4;6;0.0;5
33;NO_MASK;5;4;10000000;0.0;5
34;NO_MASK;5;4;4;0.0;10
35;NO_MASK;5;4;6;0.0;10
36;NO_MASK;5;4;10000000;0.0;10
37;NO_MASK;5;4;4;0.5;3
38;NO_MASK;5;4;6;0.5;3
39;NO_MASK;5;4;10000000;0.5;3
40;NO_MASK;5;4;4;0.5;5
41;NO_MASK;5;4;6;0.5;5
42;NO_MASK;5;4;10000000;0.5;5
43;NO_MASK;5;4;4;0.5;10
44;NO_MASK;5;4;6;0.5;10
45;NO_MASK;5;4;10000000;0.5;10
46;NO_MASK;5;4;4;1.0;3
47;NO_MASK;5;4;6;1.0;3
48;NO_MASK;5;4;10000000;1.0;3
49;NO_MASK;5;4;4;1.0;5
50;NO_MASK;5;4;6;1.0;5
51;NO_MASK;5;4;10000000;1.0;5
52;NO_MASK;5;4;4;1.0;10
53;NO_MASK;5;4;6;1.0;10
54;NO_MASK;5;4;10000000;1.0;10
55;NO_MASK;5;6;4;0.0;3
56;NO_MASK;5;6;6;0.0;3
57;NO_MASK;5;6;10000000;0.0;3
58;NO_MASK;5;6;4;0.0;5
59;NO_MASK;5;6;6;0.0;5
60;NO_MASK;5;6;10000000;0.0;5
61;NO_MASK;5;6;4;0.0;10
62;NO_MASK;5;6;6;0.0;10
63;NO_MASK;5;6;10000000;0.0;10
64;NO_MASK;5;6;4;0.5;3
65;NO_MASK;5;6;6;0.5;3
66;NO_MASK;5;6;10000000;0.5;3
67;NO_MASK;5;6;4;0.5;5
68;NO_MASK;5;6;6;0.5;5
69;NO_MASK;5;6;10000000;0.5;5
70;NO_MASK;5;6;4;0.5;10
71;NO_MASK;5;6;6;0.5;10
72;NO_MASK;5;6;10000000;0.5;10
73;NO_MASK;5;6;4;1.0;3
74;NO_MASK;5;6;6;1.0;3
75;NO_MASK;5;6;10000000;1.0;3
76;NO_MASK;5;6;4;1.0;5
77;NO_MASK;5;6;6;1.0;5
78;NO_MASK;5;6;10000000;1.0;5
79;NO_MASK;5;6;4;1.0;10
80;NO_MASK;5;6;6;1.0;10
81;NO_MASK;5;6;10000000;1.0;10
82;CLOTH_MASK;5;1;4;0.0;3
83;CLOTH_MASK;5;1;6;0.0;3
84;CLOTH_MASK;5;1;10000000;0.0;3
85;CLOTH_MASK;5;1;4;0.0;5
86;CLOTH_MASK;5;1;6;0.0;5
87;CLOTH_MASK;5;1;10000000;0.0;5
88;CLOTH_MASK;5;1;4;0.0;10
89;CLOTH_MASK;5;1;6;0.0;10
90;CLOTH_MASK;5;1;10000000;0.0;10
91;CLOTH_MASK;5;1;4;0.5;3
92;CLOTH_MASK;5;1;6;0.5;3
93;CLOTH_MASK;5;1;10000000;0.5;3
94;CLOTH_MASK;5;1;4;0.5;5
95;CLOTH_MASK;5;1;6;0.5;5
96;CLOTH_MASK;5;1;10000000;0.5;5
97;CLOTH_MASK;5;1;4;0.5;10
98;CLOTH_MASK;5;1;6;0.5;10
99;CLOTH_MASK;5;1;10000000;0.5;10
100;CLOTH_MASK;5;1;4;1.0;3
101;CLOTH_MASK;5;1;6;1.0;3
102;CLOTH_MASK;5;1;10000000;1.0;3
103;CLOTH_MASK;5;1;4;1.0;5
104;CLOTH_MASK;5;1;6;1.0;5
105;CLOTH_MASK;5;1;10000000;1.0;5
106;CLOTH_MASK;5;1;4;1.0;10
107;CLOTH_MASK;5;1;6;1.0;10
108;CLOTH_MASK;5;1;10000000;1.0;10
109;CLOTH_MASK;5;4;4;0.0;3
110;CLOTH_MASK;5;4;6;0.0;3
111;CLOTH_MASK;5;4;10000000;0.0;3
112;CLOTH_MASK;5;4;4;0.0;5
113;CLOTH_MASK;5;4;6;0.0;5
114;CLOTH_MASK;5;4;10000000;0.0;5
115;CLOTH_MASK;5;4;4;0.0;10
116;CLOTH_MASK;5;4;6;0.0;10
117;CLOTH_MASK;5;4;10000000;0.0;10
118;CLOTH_MASK;5;4;4;0.5;3
119;CLOTH_MASK;5;4;6;0.5;3
120;CLOTH_MASK;5;4;10000000;0.5;3
121;CLOTH_MASK;5;4;4;0.5;5
122;CLOTH_MASK;5;4;6;0.5;5
123;CLOTH_MASK;5;4;10000000;0.5;5
124;CLOTH_MASK;5;4;4;0.5;10
125;CLOTH_MASK;5;4;6;0.5;10
126;CLOTH_MASK;5;4;10000000;0.5;10
127;CLOTH_MASK;5;4;4;1.0;3
128;CLOTH_MASK;5;4;6;1.0;3
129;CLOTH_MASK;5;4;10000000;1.0;3
130;CLOTH_MASK;5;4;4;1.0;5
131;CLOTH_MASK;5;4;6;1.0;5
132;CLOTH_MASK;5;4;10000000;1.0;5
133;CLOTH_MASK;5;4;4;1.0;10
134;CLOTH_MASK;5;4;6;1.0;10
135;CLOTH_MASK;5;4;10000000;1.0;10
136;CLOTH_MASK;5;6;4;0.0;3
137;CLOTH_MASK;5;6;6;0.0;3
138;CLOTH_MASK;5;6;10000000;0.0;3
139;CLOTH_MASK;5;6;4;0.0;5
140;CLOTH_MASK;5;6;6;0.0;5
141;CLOTH_MASK;5;6;10000000;0.0;5
142;CLOTH_MASK;5;6;4;0.0;10
143;CLOTH_MASK;5;6;6;0.0;10
144;CLOTH_MASK;5;6;10000000;0.0;10
145;CLOTH_MASK;5;6;4;0.5;3
146;CLOTH_MASK;5;6;6;0.5;3
147;CLOTH_MASK;5;6;10000000;0.5;3
148;CLOTH_MASK;5;6;4;0.5;5
149;CLOTH_MASK;5;6;6;0.5;5
150;CLOTH_MASK;5;6;10000000;0.5;5
151;CLOTH_MASK;5;6;4;0.5;10
152;CLOTH_MASK;5;6;6;0.5;10
153;CLOTH_MASK;5;6;10000000;0.5;10
154;CLOTH_MASK;5;6;4;1.0;3
155;CLOTH_MASK;5;6;6;1.0;3
156;CLOTH_MASK;5;6;10000000;1.0;3
157;CLOTH_MASK;5;6;4;1.0;5
158;CLOTH_MASK;5;6;6;1.0;5
159;CLOTH_MASK;5;6;10000000;1.0;5
160;CLOTH_MASK;5;6;4;1.0;10
161;CLOTH_MASK;5;6;6;1.0;10
162;CLOTH_MASK;5;6;10000000;1.0;10
163;SURGICAL_MASK;5;1;4;0.0;3
164;SURGICAL_MASK;5;1;6;0.0;3
165;SURGICAL_MASK;5;1;10000000;0.0;3
166;SURGICAL_MASK;5;1;4;0.0;5
167;SURGICAL_MASK;5;1;6;0.0;5
168;SURGICAL_MASK;5;1;10000000;0.0;5
169;SURGICAL_MASK;5;1;4;0.0;10
170;SURGICAL_MASK;5;1;6;0.0;10
171;SURGICAL_MASK;5;1;10000000;0.0;10
172;SURGICAL_MASK;5;1;4;0.5;3
173;SURGICAL_MASK;5;1;6;0.5;3
174;SURGICAL_MASK;5;1;10000000;0.5;3
175;SURGICAL_MASK;5;1;4;0.5;5
176;SURGICAL_MASK;5;1;6;0.5;5
177;SURGICAL_MASK;5;1;10000000;0.5;5
178;SURGICAL_MASK;5;1;4;0.5;10
179;SURGICAL_MASK;5;1;6;0.5;10
180;SURGICAL_MASK;5;1;10000000;0.5;10
181;SURGICAL_MASK;5;1;4;1.0;3
182;SURGICAL_MASK;5;1;6;1.0;3
183;SURGICAL_MASK;5;1;10000000;1.0;3
184;SURGICAL_MASK;5;1;4;1.0;5
185;SURGICAL_MASK;5;1;6;1.0;5
186;SURGICAL_MASK;5;1;10000000;1.0;5
187;SURGICAL_MASK;5;1;4;1.0;10
188;SURGICAL_MASK;5;1;6;1.0;10
189;SURGICAL_MASK;5;1;10000000;1.0;10
190;SURGICAL_MASK;5;4;4;0.0;3
191;SURGICAL_MASK;5;4;6;0.0;3
192;SURGICAL_MASK;5;4;10000000;0.0;3
193;SURGICAL_MASK;5;4;4;0.0;5
194;SURGICAL_MASK;5;4;6;0.0;5
195;SURGICAL_MASK;5;4;10000000;0.0;5
196;SURGICAL_MASK;5;4;4;0.0;10
197;SURGICAL_MASK;5;4;6;0.0;10
198;SURGICAL_MASK;5;4;10000000;0.0;10
199;SURGICAL_MASK;5;4;4;0.5;3
200;SURGICAL_MASK;5;4;6;0.5;3
201;SURGICAL_MASK;5;4;10000000;0.5;3
202;SURGICAL_MASK;5;4;4;0.5;5
203;SURGICAL_MASK;5;4;6;0.5;5
204;SURGICAL_MASK;5;4;10000000;0.5;5
205;SURGICAL_MASK;5;4;4;0.5;10
206;SURGICAL_MASK;5;4;6;0.5;10
207;SURGICAL_MASK;5;4;10000000;0.5;10
208;SURGICAL_MASK;5;4;4;1.0;3
209;SURGICAL_MASK;5;4;6;1.0;3
210;SURGICAL_MASK;5;4;10000000;1.0;3
211;SURGICAL_MASK;5;4;4;1.0;5
212;SURGICAL_MASK;5;4;6;1.0;5
213;SURGICAL_MASK;5;4;10000000;1.0;5
214;SURGICAL_MASK;5;4;4;1.0;10
215;SURGICAL_MASK;5;4;6;1.0;10
216;SURGICAL_MASK;5;4;10000000;1.0;10
217;SURGICAL_MASK;5;6;4;0.0;3
218;SURGICAL_MASK;5;6;6;0.0;3
219;SURGICAL_MASK;5;6;10000000;0.0;3
220;SURGICAL_MASK;5;6;4;0.0;5
221;SURGICAL_MASK;5;6;6;0.0;5
222;SURGICAL_MASK;5;6;10000000;0.0;5
223;SURGICAL_MASK;5;6;4;0.0;10
224;SURGICAL_MASK;5;6;6;0.0;10
225;SURGICAL_MASK;5;6;10000000;0.0;10
226;SURGICAL_MASK;5;6;4;0.5;3
227;SURGICAL_MASK;5;6;6;0.5;3
228;SURGICAL_MASK;5;6;10000000;0.5;3
229;SURGICAL_MASK;5;6;4;0.5;5
230;SURGICAL_MASK;5;6;6;0.5;5
231;SURGICAL_MASK;5;6;10000000;0.5;5
232;SURGICAL_MASK;5;6;4;0.5;10
233;SURGICAL_MASK;5;6;6;0.5;10
234;SURGICAL_MASK;5;6;10000000;0.5;10
235;SURGICAL_MASK;5;6;4;1.0;3
236;SURGICAL_MASK;5;6;6;1.0;3
237;SURGICAL_MASK;5;6;10000000;1.0;3
238;SURGICAL_MASK;5;6;4;1.0;5
239;SURGICAL_MASK;5;6;6;1.0;5
240;SURGICAL_MASK;5;6;10000000;1.0;5
241;SURGICAL_MASK;5;6;4;1.0;10
242;SURGICAL_MASK;5;6;6;1.0;10
243;SURGICAL_MASK;5;6;10000000;1.0;10
244;RESPIRATOR_MASK;5;1;4;0.0;3
245;RESPIRATOR_MASK;5;1;6;0.0;3
246;RESPIRATOR_MASK;5;1;10000000;0.0;3
247;RESPIRATOR_MASK;5;1;4;0.0;5
248;RESPIRATOR_MASK;5;1;6;0.0;5
249;RESPIRATOR_MASK;5;1;10000000;0.0;5
250;RESPIRATOR_MASK;5;1;4;0.0;10
251;RESPIRATOR_MASK;5;1;6;0.0;10
252;RESPIRATOR_MASK;5;1;10000000;0.0;10
253;RESPIRATOR_MASK;5;1;4;0.5;3
254;RESPIRATOR_MASK;5;1;6;0.5;3
255;RESPIRATOR_MASK;5;1;10000000;0.5;3
256;RESPIRATOR_MASK;5;1;4;0.5;5
257;RESPIRATOR_MASK;5;1;6;0.5;5
258;RESPIRATOR_MASK;5;1;10000000;0.5;5
259;RESPIRATOR_MASK;5;1;4;0.5;10
260;RESPIRATOR_MASK;5;1;6;0.5;10
261;RESPIRATOR_MASK;5;1;10000000;0.5;10
262;RESPIRATOR_MASK;5;1;4;1.0;3
263;RESPIRATOR_MASK;5;1;6;1.0;3
264;RESPIRATOR_MASK;5;1;10000000;1.0;3
265;RESPIRATOR_MASK;5;1;4;1.0;5
266;RESPIRATOR_MASK;5;1;6;1.0;5
267;RESPIRATOR_MASK;5;1;10000000;1.0;5
268;RESPIRATOR_MASK;5;1;4;1.0;10
269;RESPIRATOR_MASK;5;1;6;1.0;10
270;RESPIRATOR_MASK;5;1;10000000;1.0;10
271;RESPIRATOR_MASK;5;4;4;0.0;3
272;RESPIRATOR_MASK;5;4;6;0.0;3
273;RESPIRATOR_MASK;5;4;10000000;0.0;3
274;RESPIRATOR_MASK;5;4;4;0.0;5
275;RESPIRATOR_MASK;5;4;6;0.0;5
276;RESPIRATOR_MASK;5;4;10000000;0.0;5
277;RESPIRATOR_MASK;5;4;4;0.0;10
278;RESPIRATOR_MASK;5;4;6;0.0;10
279;RESPIRATOR_MASK;5;4;10000000;0.0;10
280;RESPIRATOR_MASK;5;4;4;0.5;3
281;RESPIRATOR_MASK;5;4;6;0.5;3
282;RESPIRATOR_MASK;5;4;10000000;0.5;3
283;RESPIRATOR_MASK;5;4;4;0.5;5
284;RESPIRATOR_MASK;5;4;6;0.5;5
285;RESPIRATOR_MASK;5;4;10000000;0.5;5
286;RESPIRATOR_MASK;5;4;4;0.5;10
287;RESPIRATOR_MASK;5;4;6;0.5;10
288;RESPIRATOR_MASK;5;4;10000000;0.5;10
289;RESPIRATOR_MASK;5;4;4;1.0;3
290;RESPIRATOR_MASK;5;4;6;1.0;3
291;RESPIRATOR_MASK;5;4;10000000;1.0;3
292;RESPIRATOR_MASK;5;4;4;1.0;5
293;RESPIRATOR_MASK;5;4;6;1.0;5
294;RESPIRATOR_MASK;5;4;10000000;1.0;5
295;RESPIRATOR_MASK;5;4;4;1.0;10
296;RESPIRATOR_MASK;5;4;6;1.0;10
297;RESPIRATOR_MASK;5;4;10000000;1.0;10
298;RESPIRATOR_MASK;5;6;4;0.0;3
299;RESPIRATOR_MASK;5;6;6;0.0;3
300;RESPIRATOR_MASK;5;6;10000000;0.0;3
301;RESPIRATOR_MASK;5;6;4;0.0;5
302;RESPIRATOR_MASK;5;6;6;0.0;5
303;RESPIRATOR_MASK;5;6;10000000;0.0;5
304;RESPIRATOR_MASK;5;6;4;0.0;10
305;RESPIRATOR_MASK;5;6;6;0.0;10
306;RESPIRATOR_MASK;5;6;10000000;0.0;10
307;RESPIRATOR_MASK;5;6;4;0.5;3
308;RESPIRATOR_MASK;5;6;6;0.5;3
309;RESPIRATOR_MASK;5;6;10000000;0.5;3
310;RESPIRATOR_MASK;5;6;4;0.5;5
311;RESPIRATOR_MASK;5;6;6;0.5;5
312;RESPIRATOR_MASK;5;6;10000000;0.5;5
313;RESPIRATOR_MASK;5;6;4;0.5;10
314;RESPIRATOR_MASK;5;6;6;0.5;10
315;RESPIRATOR_MASK;5;6;10000000;0.5;10
316;RESPIRATOR_MASK;5;6;4;1.0;3
317;RESPIRATOR_MASK;5;6;6;1.0;3
318;RESPIRATOR_MASK;5;6;10000000;1.0;3
319;RESPIRATOR_MASK;5;6;4;1.0;5
320;RESPIRATOR_MASK;5;6;6;1.0;5
321;RESPIRATOR_MASK;5;6;10000000;1.0;5
322;RESPIRATOR_MASK;5;6;4;1.0;10
323;RESPIRATOR_MASK;5;6;6;1.0;10
324;RESPIRATOR_MASK;5;6;10000000;1.0;10
325;NO_MASK;10;1;4;0.0;3
326;NO_MASK;10;1;6;0.0;3
327;NO_MASK;10;1;10000000;0.0;3
328;NO_MASK;10;1;4;0.0;5
329;NO_MASK;10;1;6;0.0;5
330;NO_MASK;10;1;10000000;0.0;5
331;NO_MASK;10;1;4;0.0;10
332;NO_MASK;10;1;6;0.0;10
333;NO_MASK;10;1;10000000;0.0;10
334;NO_MASK;10;1;4;0.5;3
335;NO_MASK;10;1;6;0.5;3
336;NO_MASK;10;1;10000000;0.5;3
337;NO_MASK;10;1;4;0.5;5
338;NO_MASK;10;1;6;0.5;5
339;NO_MASK;10;1;10000000;0.5;5
340;NO_MASK;10;1;4;0.5;10
341;NO_MASK;10;1;6;0.5;10
342;NO_MASK;10;1;10000000;0.5;10
343;NO_MASK;10;1;4;1.0;3
344;NO_MASK;10;1;6;1.0;3
345;NO_MASK;10;1;10000000;1.0;3
346;NO_MASK;10;1;4;1.0;5
347;NO_MASK;10;1;6;1.0;5
348;NO_MASK;10;1;10000000;1.0;5
349;NO_MASK;10;1;4;1.0;10
350;NO_MASK;10;1;6;1.0;10
351;NO_MASK;10;1;10000000;1.0;10
352;NO_MASK;10;4;4;0.0;3
353;NO_MASK;10;4;6;0.0;3
354;NO_MASK;10;4;10000000;0.0;3
355;NO_MASK;10;4;4;0.0;5
356;NO_MASK;10;4;6;0.0;5
357;NO_MASK;10;4;10000000;0.0;5
358;NO_MASK;10;4;4;0.0;10
359;NO_MASK;10;4;6;0.0;10
360;NO_MASK;10;4;10000000;0.0;10
361;NO_MASK;10;4;4;0.5;3
362;NO_MASK;10;4;6;0.5;3
363;NO_MASK;10;4;10000000;0.5;3
364;NO_MASK;10;4;4;0.5;5
365;NO_MASK;10;4;6;0.5;5
366;NO_MASK;10;4;10000000;0.5;5
367;NO_MASK;10;4;4;0.5;10
368;NO_MASK;10;4;6;0.5;10
369;NO_MASK;10;4;10000000;0.5;10
370;NO_MASK;10;4;4;1.0;3
371;NO_MASK;10;4;6;1.0;3
372;NO_MASK;10;4;10000000;1.0;3
373;NO_MASK;10;4;4;1.0;5
374;NO_MASK;10;4;6;1.0;5
375;NO_MASK;10;4;10000000;1.0;5
376;NO_MASK;10;4;4;1.0;10
377;NO_MASK;10;4;6;1.0;10
378;NO_MASK;10;4;10000000;1.0;10
379;NO_MASK;10;6;4;0.0;3
380;NO_MASK;10;6;6;0.0;3
381;NO_MASK;10;6;10000000;0.0;3
382;NO_MASK;10;6;4;0.0;5
383;NO_MASK;10;6;6;0.0;5
384;NO_MASK;10;6;10000000;0.0;5
385;NO_MASK;10;6;4;0.0;10
386;NO_MASK;10;6;6;0.0;10
387;NO_MASK;10;6;10000000;0.0;10
388;NO_MASK;10;6;4;0.5;3
389;NO_MASK;10;6;6;0.5;3
390;NO_MASK;10;6;10000000;0.5;3
391;NO_MASK;10;6;4;0.5;5
392;NO_MASK;10;6;6;0.5;5
393;NO_MASK;10;6;10000000;0.5;5
394;NO_MASK;10;6;4;0.5;10
395;NO_MASK;10;6;6;0.5;10
396;NO_MASK;10;6;10000000;0.5;10
397;NO_MASK;10;6;4;1.0;3
398;NO_MASK;10;6;6;1.0;3
399;NO_MASK;10;6;10000000;1.0;3
400;NO_MASK;10;6;4;1.0;5
401;NO_MASK;10;6;6;1.0;5
402;NO_MASK;10;6;10000000;1.0;5
403;NO_MASK;10;6;4;1.0;10
404;NO_MASK;10;6;6;1.0;10
405;NO_MASK;10;6;10000000;1.0;10
406;CLOTH_MASK;10;1;4;0.0;3
407;CLOTH_MASK;10;1;6;0.0;3
408;CLOTH_MASK;10;1;10000000;0.0;3
409;CLOTH_MASK;10;1;4;0.0;5
410;CLOTH_MASK;10;1;6;0.0;5
411;CLOTH_MASK;10;1;10000000;0.0;5
412;CLOTH_MASK;10;1;4;0.0;10
413;CLOTH_MASK;10;1;6;0.0;10
414;CLOTH_MASK;10;1;10000000;0.0;10
415;CLOTH_MASK;10;1;4;0.5;3
416;CLOTH_MASK;10;1;6;0.5;3
417;CLOTH_MASK;10;1;10000000;0.5;3
418;CLOTH_MASK;10;1;4;0.5;5
419;CLOTH_MASK;10;1;6;0.5;5
420;CLOTH_MASK;10;1;10000000;0.5;5
421;CLOTH_MASK;10;1;4;0.5;10
422;CLOTH_MASK;10;1;6;0.5;10
423;CLOTH_MASK;10;1;10000000;0.5;10
424;CLOTH_MASK;10;1;4;1.0;3
425;CLOTH_MASK;10;1;6;1.0;3
426;CLOTH_MASK;10;1;10000000;1.0;3
427;CLOTH_MASK;10;1;4;1.0;5
428;CLOTH_MASK;10;1;6;1.0;5
429;CLOTH_MASK;10;1;10000000;1.0;5
430;CLOTH_MASK;10;1;4;1.0;10
431;CLOTH_MASK;10;1;6;1.0;10
432;CLOTH_MASK;10;1;10000000;1.0;10
433;CLOTH_MASK;10;4;4;0.0;3
434;CLOTH_MASK;10;4;6;0.0;3
435;CLOTH_MASK;10;4;10000000;0.0;3
436;CLOTH_MASK;10;4;4;0.0;5
437;CLOTH_MASK;10;4;6;0.0;5
438;CLOTH_MASK;10;4;10000000;0.0;5
439;CLOTH_MASK;10;4;4;0.0;10
440;CLOTH_MASK;10;4;6;0.0;10
441;CLOTH_MASK;10;4;10000000;0.0;10
442;CLOTH_MASK;10;4;4;0.5;3
443;CLOTH_MASK;10;4;6;0.5;3
444;CLOTH_MASK;10;4;10000000;0.5;3
445;CLOTH_MASK;10;4;4;0.5;5
446;CLOTH_MASK;10;4;6;0.5;5
447;CLOTH_MASK;10;4;10000000;0.5;5
448;CLOTH_MASK;10;4;4;0.5;10
449;CLOTH_MASK;10;4;6;0.5;10
450;CLOTH_MASK;10;4;10000000;0.5;10
451;CLOTH_MASK;10;4;4;1.0;3
452;CLOTH_MASK;10;4;6;1.0;3
453;CLOTH_MASK;10;4;10000000;1.0;3
454;CLOTH_MASK;10;4;4;1.0;5
455;CLOTH_MASK;10;4;6;1.0;5
456;CLOTH_MASK;10;4;10000000;1.0;5
457;CLOTH_MASK;10;4;4;1.0;10
458;CLOTH_MASK;10;4;6;1.0;10
459;CLOTH_MASK;10;4;10000000;1.0;10
460;CLOTH_MASK;10;6;4;0.0;3
461;CLOTH_MASK;10;6;6;0.0;3
462;CLOTH_MASK;10;6;10000000;0.0;3
463;CLOTH_MASK;10;6;4;0.0;5
464;CLOTH_MASK;10;6;6;0.0;5
465;CLOTH_MASK;10;6;10000000;0.0;5
466;CLOTH_MASK;10;6;4;0.0;10
467;CLOTH_MASK;10;6;6;0.0;10
468;CLOTH_MASK;10;6;10000000;0.0;10
469;CLOTH_MASK;10;6;4;0.5;3
470;CLOTH_MASK;10;6;6;0.5;3
471;CLOTH_MASK;10;6;10000000;0.5;3
472;CLOTH_MASK;10;6;4;0.5;5
473;CLOTH_MASK;10;6;6;0.5;5
474;CLOTH_MASK;10;6;10000000;0.5;5
475;CLOTH_MASK;10;6;4;0.5;10
476;CLOTH_MASK;10;6;6;0.5;10
477;CLOTH_MASK;10;6;10000000;0.5;10
478;CLOTH_MASK;10;6;4;1.0;3
479;CLOTH_MASK;10;6;6;1.0;3
480;CLOTH_MASK;10;6;10000000;1.0;3
481;CLOTH_MASK;10;6;4;1.0;5
482;CLOTH_MASK;10;6;6;1.0;5
483;CLOTH_MASK;10;6;10000000;1.0;5
484;CLOTH_MASK;10;6;4;1.0;10
485;CLOTH_MASK;10;6;6;1.0;10
486;CLOTH_MASK;10;6;10000000;1.0;10
487;SURGICAL_MASK;10;1;4;0.0;3
488;SURGICAL_MASK;10;1;6;0.0;3
489;SURGICAL_MASK;10;1;10000000;0.0;3
490;SURGICAL_MASK;10;1;4;0.0;5
491;SURGICAL_MASK;10;1;6;0.0;5
492;SURGICAL_MASK;10;1;10000000;0.0;5
493;SURGICAL_MASK;10;1;4;0.0;10
494;SURGICAL_MASK;10;1;6;0.0;10
495;SURGICAL_MASK;10;1;10000000;0.0;10
496;SURGICAL_MASK;10;1;4;0.5;3
497;SURGICAL_MASK;10;1;6;0.5;3
498;SURGICAL_MASK;10;1;10000000;0.5;3
499;SURGICAL_MASK;10;1;4;0.5;5
500;SURGICAL_MASK;10;1;6;0.5;5
501;SURGICAL_MASK;10;1;10000000;0.5;5
502;SURGICAL_MASK;10;1;4;0.5;10
503;SURGICAL_MASK;10;1;6;0.5;10
504;SURGICAL_MASK;10;1;10000000;0.5;10
505;SURGICAL_MASK;10;1;4;1.0;3
506;SURGICAL_MASK;10;1;6;1.0;3
507;SURGICAL_MASK;10;1;10000000;1.0;3
508;SURGICAL_MASK;10;1;4;1.0;5
509;SURGICAL_MASK;10;1;6;1.0;5
510;SURGICAL_MASK;10;1;10000000;1.0;5
511;SURGICAL_MASK;10;1;4;1.0;10
512;SURGICAL_MASK;10;1;6;1.0;10
513;SURGICAL_MASK;10;1;10000000;1.0;10
514;SURGICAL_MASK;10;4;4;0.0;3
515;SURGICAL_MASK;10;4;6;0.0;3
516;SURGICAL_MASK;10;4;10000000;0.0;3
517;SURGICAL_MASK;10;4;4;0.0;5
518;SURGICAL_MASK;10;4;6;0.0;5
519;SURGICAL_MASK;10;4;10000000;0.0;5
520;SURGICAL_MASK;10;4;4;0.0;10
521;SURGICAL_MASK;10;4;6;0.0;10
522;SURGICAL_MASK;10;4;10000000;0.0;10
523;SURGICAL_MASK;10;4;4;0.5;3
524;SURGICAL_MASK;10;4;6;0.5;3
525;SURGICAL_MASK;10;4;10000000;0.5;3
526;SURGICAL_MASK;10;4;4;0.5;5
527;SURGICAL_MASK;10;4;6;0.5;5
528;SURGICAL_MASK;10;4;10000000;0.5;5
529;SURGICAL_MASK;10;4;4;0.5;10
530;SURGICAL_MASK;10;4;6;0.5;10
531;SURGICAL_MASK;10;4;10000000;0.5;10
532;SURGICAL_MASK;10;4;4;1.0;3
533;SURGICAL_MASK;10;4;6;1.0;3
534;SURGICAL_MASK;10;4;10000000;1.0;3
535;SURGICAL_MASK;10;4;4;1.0;5
536;SURGICAL_MASK;10;4;6;1.0;5
537;SURGICAL_MASK;10;4;10000000;1.0;5
538;SURGICAL_MASK;10;4;4;1.0;10
539;SURGICAL_MASK;10;4;6;1.0;10
540;SURGICAL_MASK;10;4;10000000;1.0;10
541;SURGICAL_MASK;10;6;4;0.0;3
542;SURGICAL_MASK;10;6;6;0.0;3
543;SURGICAL_MASK;10;6;10000000;0.0;3
544;SURGICAL_MASK;10;6;4;0.0;5
545;SURGICAL_MASK;10;6;6;0.0;5
546;SURGICAL_MASK;10;6;10000000;0.0;5
547;SURGICAL_MASK;10;6;4;0.0;10
548;SURGICAL_MASK;10;6;6;0.0;10
549;SURGICAL_MASK;10;6;10000000;0.0;10
550;SURGICAL_MASK;10;6;4;0.5;3
551;SURGICAL_MASK;10;6;6;0.5;3
552;SURGICAL_MASK;10;6;10000000;0.5;3
553;SURGICAL_MASK;10;6;4;0.5;5
554;SURGICAL_MASK;10;6;6;0.5;5
555;SURGICAL_MASK;10;6;10000000;0.5;5
556;SURGICAL_MASK;10;6;4;0.5;10
557;SURGICAL_MASK;10;6;6;0.5;10
558;SURGICAL_MASK;10;6;10000000;0.5;10
559;SURGICAL_MASK;10;6;4;1.0;3
560;SURGICAL_MASK;10;6;6;1.0;3
561;SURGICAL_MASK;10;6;10000000;1.0;3
562;SURGICAL_MASK;10;6;4;1.0;5
563;SURGICAL_MASK;10;6;6;1.0;5
564;SURGICAL_MASK;10;6;10000000;1.0;5
565;SURGICAL_MASK;10;6;4;1.0;10
566;SURGICAL_MASK;10;6;6;1.0;10
567;SURGICAL_MASK;10;6;10000000;1.0;10
568;RESPIRATOR_MASK;10;1;4;0.0;3
569;RESPIRATOR_MASK;10;1;6;0.0;3
570;RESPIRATOR_MASK;10;1;10000000;0.0;3
571;RESPIRATOR_MASK;10;1;4;0.0;5
572;RESPIRATOR_MASK;10;1;6;0.0;5
573;RESPIRATOR_MASK;10;1;10000000;0.0;5
574;RESPIRATOR_MASK;10;1;4;0.0;10
575;RESPIRATOR_MASK;10;1;6;0.0;10
576;RESPIRATOR_MASK;10;1;10000000;0.0;10
577;RESPIRATOR_MASK;10;1;4;0.5;3
578;RESPIRATOR_MASK;10;1;6;0.5;3
579;RESPIRATOR_MASK;10;1;10000000;0.5;3
580;RESPIRATOR_MASK;10;1;4;0.5;5
581;RESPIRATOR_MASK;10;1;6;0.5;5
582;RESPIRATOR_MASK;10;1;10000000;0.5;5
583;RESPIRATOR_MASK;10;1;4;0.5;10
584;RESPIRATOR_MASK;10;1;6;0.5;10
585;RESPIRATOR_MASK;10;1;10000000;0.5;10
586;RESPIRATOR_MASK;10;1;4;1.0;3
587;RESPIRATOR_MASK;10;1;6;1.0;3
588;RESPIRATOR_MASK;10;1;10000000;1.0;3
589;RESPIRATOR_MASK;10;1;4;1.0;5
590;RESPIRATOR_MASK;10;1;6;1.0;5
591;RESPIRATOR_MASK;10;1;10000000;1.0;5
592;RESPIRATOR_MASK;10;1;4;1.0;10
593;RESPIRATOR_MASK;10;1;6;1.0;10
594;RESPIRATOR_MASK;10;1;10000000;1.0;10
595;RESPIRATOR_MASK;10;4;4;0.0;3
596;RESPIRATOR_MASK;10;4;6;0.0;3
597;RESPIRATOR_MASK;10;4;10000000;0.0;3
598;RESPIRATOR_MASK;10;4;4;0.0;5
599;RESPIRATOR_MASK;10;4;6;0.0;5
600;RESPIRATOR_MASK;10;4;10000000;0.0;5
601;RESPIRATOR_MASK;10;4;4;0.0;10
602;RESPIRATOR_MASK;10;4;6;0.0;10
603;RESPIRATOR_MASK;10;4;10000000;0.0;10
604;RESPIRATOR_MASK;10;4;4;0.5;3
605;RESPIRATOR_MASK;10;4;6;0.5;3
606;RESPIRATOR_MASK;10;4;10000000;0.5;3
607;RESPIRATOR_MASK;10;4;4;0.5;5
608;RESPIRATOR_MASK;10;4;6;0.5;5
609;RESPIRATOR_MASK;10;4;10000000;0.5;5
610;RESPIRATOR_MASK;10;4;4;0.5;10
611;RESPIRATOR_MASK;10;4;6;0.5;10
612;RESPIRATOR_MASK;10;4;10000000;0.5;10
613;RESPIRATOR_MASK;10;4;4;1.0;3
614;RESPIRATOR_MASK;10;4;6;1.0;3
615;RESPIRATOR_MASK;10;4;10000000;1.0;3
616;RESPIRATOR_MASK;10;4;4;1.0;5
617;RESPIRATOR_MASK;10;4;6;1.0;5
618;RESPIRATOR_MASK;10;4;10000000;1.0;5
619;RESPIRATOR_MASK;10;4;4;1.0;10
620;RESPIRATOR_MASK;10;4;6;1.0;10
621;RESPIRATOR_MASK;10;4;10000000;1.0;10
622;RESPIRATOR_MASK;10;6;4;0.0;3
623;RESPIRATOR_MASK;10;6;6;0.0;3
624;RESPIRATOR_MASK;10;6;10000000;0.0;3
625;RESPIRATOR_MASK;10;6;4;0.0;5
626;RESPIRATOR_MASK;10;6;6;0.0;5
627;RESPIRATOR_MASK;10;6;10000000;0.0;5
628;RESPIRATOR_MASK;10;6;4;0.0;10
629;RESPIRATOR_MASK;10;6;6;0.0;10
630;RESPIRATOR_MASK;10;6;10000000;0.0;10
631;RESPIRATOR_MASK;10;6;4;0.5;3
632;RESPIRATOR_MASK;10;6;6;0.5;3
633;RESPIRATOR_MASK;10;6;10000000;0.5;3
634;RESPIRATOR_MASK;10;6;4;0.5;5
635;RESPIRATOR_MASK;10;6;6;0.5;5
636;RESPIRATOR_MASK;10;6;10000000;0.5;5
637;RESPIRATOR_MASK;10;6;4;0.5;10
638;RESPIRATOR_MASK;10;6;6;0.5;10
639;RESPIRATOR_MASK;10;6;10000000;0.5;10
640;RESPIRATOR_MASK;10;6;4;1.0;3
641;RESPIRATOR_MASK;10;6;6;1.0;3
642;RESPIRATOR_MASK;10;6;10000000;1.0;3
643;RESPIRATOR_MASK;10;6;4;1.0;5
644;RESPIRATOR_MASK;10;6;6;1.0;5
645;RESPIRATOR_MASK;10;6;10000000;1.0;5
646;RESPIRATOR_MASK;10;6;4;1.0;10
647;RESPIRATOR_MASK;10;6;6;1.0;10
648;RESPIRATOR_MASK;10;6;10000000;1.0;10
